Time (s),ESC signal (µs),Servo 1 (µs),Servo 2 (µs),Servo 3 (µs),AccX (g),AccY (g),AccZ (g),Torque (N·m),Thrust (kgf),Voltage (V),Current (A),Motor Electrical Speed (RPM),Motor Optical Speed (RPM),Electrical Power (W),Mechanical Power (W),Motor Efficiency (%),Propeller Mech. Efficiency (kgf/W),Overall Efficiency (kgf/W),Vibration (g),App message,
0.22412125000000177,1000,,,,0.0625,0.03427734375,-0.985546875,-0.0019202012930957572,0.0018794282511210765,0,-0.01110277337138541,0,0,0,0,0,0,0,0.072265625,,
0.21829000000000232,1000,,,,0.0625,0.0345703125,-0.9853515625,-0.0018947494345520292,0.0019602396300448426,0,-0.013003582507371903,0,0,0,0,0,0,0,0.072265625,,
0.7003527500000026,1000,,,,0.0625,0.0349609375,-0.98544921875,-0.0018773256857181598,0.0016286617152466367,0,-0.012030120252165943,0,0,0,0,0,0,0,0.072265625,,
1.1806860000000026,1000,,,,0.0625,0.03427734375,-0.9853515625,-0.001924858651898876,0.0023869955156950668,0,-0.010448825254570693,0,0,0,0,0,0,0,0.072265625,,
1.680204000000002,1000,,,,0.0625,0.034375,-0.984765625,-0.0018867714614713138,0.0016951233183856503,0,-0.012507357040885837,0,0,0,0,0,0,0,0.072265625,,
2.179863000000002,1000,,,,0.0625,0.034375,-0.9849609375,-0.0019367703041675804,0.001942152466367713,0,-0.011768347234465182,0,0,0,0,0,0,0,0.072265625,,
